query,ground_truth,expected_source,connector_id,glean_response_text,glean_source_urls
how much is the wellness stipend?,"$150 per month reimbursement for health, fitness classes, and wellness expenses.",https://drive.google.com/open?id=1EG51BrIqhnJKW0LlcQxt0kwpp8O-MD1J,gdrive-connector_1782848677730_google_drive,,
can I get reimbursed for my gym membership or fitness classes and how much is covered?,"Yes, eligible employees receive up to $150 per month to reimburse gym memberships, fitness classes, athletic shoes, and wellness apps.",https://drive.google.com/open?id=1EG51BrIqhnJKW0LlcQxt0kwpp8O-MD1J,gdrive-connector_1782848677730_google_drive,,
Is the wellness benefit still a $50 quarterly gym discount for partner gyms?,"No, the historical 2021 policy of a $50 quarterly discount has been replaced by the active $150 monthly wellness stipend reimbursement program.",https://drive.google.com/open?id=1EG51BrIqhnJKW0LlcQxt0kwpp8O-MD1J,gdrive-connector_1782848677730_google_drive,,
Does unused wellness stipend balance roll over to the next month?,"No, the wellness stipend provides up to $150 per month and documentation does not provide for carrying over or rolling over unused balances to subsequent months.",https://drive.google.com/open?id=1EG51BrIqhnJKW0LlcQxt0kwpp8O-MD1J,gdrive-connector_1782848677730_google_drive,,
how do I use python at Yahoo?,"Standardize using uv/venv virtual environments, internal Artifactory mirror (artifactory.yahoo.com), pytest, and ruff for linting.",https://drive.google.com/open?id=1YYMik21vs4_gDZwRXV0rjZkRLoGRtSbO,gdrive-connector_1782848677730_google_drive,,
what's the recommended package manager and linter for python projects here?,Use uv or python3 -m venv for package management and ruff for fast linting and formatting.,https://drive.google.com/open?id=1YYMik21vs4_gDZwRXV0rjZkRLoGRtSbO,gdrive-connector_1782848677730_google_drive,,
Should I use Python 2.7 with virtualenv-1.11 and pip install --user for my new service?,"No. Python development standardizes on virtual environments using uv or venv, the internal Artifactory mirror (artifactory.yahoo.com), and ruff for linting.",https://drive.google.com/open?id=1YYMik21vs4_gDZwRXV0rjZkRLoGRtSbO,gdrive-connector_1782848677730_google_drive,,
How do TLS certs work at Yahoo?,"Authentication and encryption are enforced via internal Certificate Authority (CA) digital signatures (Yahoo Certificate Authority / YCA), validated via OpenSSL, and enforced across ATS and Media Edge gateways.",https://drive.google.com/open?id=10QsVyPIcWwMb8uK3_ylHqvxIkqtTMkQJ,gdrive-connector_1782848677730_google_drive,,
Can internal services still support TLS 1.0 or TLS 1.1 for legacy backward compatibility?,"No, TLS 1.0 and TLS 1.1 have been sunset and disabled. All internal microservices and edge endpoints must enforce TLS 1.2 or TLS 1.3.",https://drive.google.com/open?id=10QsVyPIcWwMb8uK3_ylHqvxIkqtTMkQJ|https://drive.google.com/open?id=1YVlPRhE9R6gAiSghhGiokyINWDYBnoxv,gdrive-connector_1782848677730_google_drive,,
Compare the PTO rollover rules with the wellness stipend monthly rollover policy.,"PTO allows rolling over up to 5 unused days into the next calendar year, whereas the wellness stipend is a monthly $150 reimbursement with no rollover provision mentioned.",https://drive.google.com/open?id=1E7Vk8o8m-tM3OBgbD6J-rYuHoMP3WFa6|https://drive.google.com/open?id=1EG51BrIqhnJKW0LlcQxt0kwpp8O-MD1J,gdrive-connector_1782848677730_google_drive,,
